IndicatorCode,Indicator,ValueType,ParentLocationCode,ParentLocation,Location type,SpatialDimValueCode,Location,Period type,Period,IsLatestYear,Dim1 type,Dim1,Dim1ValueCode,Dim2 type,Dim2,Dim2ValueCode,Dim3 type,Dim3,Dim3ValueCode,DataSourceDimValueCode,DataSource,FactValueNumericPrefix,FactValueNumeric,FactValueUoM,FactValueNumericLowPrefix,FactValueNumericLow,FactValueNumericHighPrefix,FactValueNumericHigh,Value,FactValueTranslationID,FactComments,Language,DateModified
MALARIA_TOTAL_CASES,Total number of  malaria cases (presumed + confirmed cases),numeric,AMR,Americas,Country,ARG,Argentina,Year,2020,true,,,,,,,,,,,,,0,,,,,,0,,,EN,2022-02-09T23:00:00.000Z
MALARIA_TOTAL_CASES,Total number of  malaria cases (presumed + confirmed cases),numeric,AMR,Americas,Country,BLZ,Belize,Year,2020,true,,,,,,,,,,,,,0,,,,,,0,,,EN,2022-02-09T23:00:00.000Z
MALARIA_TOTAL_CASES,Total number of  malaria cases (presumed + confirmed cases),numeric,AMR,Americas,Country,SLV,El Salvador,Year,2020,true,,,,,,,,,,,,,0,,,,,,0,,,EN,2022-02-09T23:00:00.000Z
MALARIA_TOTAL_CASES,Total number of  malaria cases (presumed + confirmed cases),numeric,EUR,Europe,Country,KGZ,Kyrgyzstan,Year,2020,true,,,,,,,,,,,,,0,,,,,,0,,,EN,2022-02-09T23:00:00.000Z
MALARIA_TOTAL_CASES,Total number of  malaria cases (presumed + confirmed cases),numeric,AMR,Americas,Country,PRY,Paraguay,Year,2020,true,,,,,,,,,,,,,0,,,,,,0,,,EN,2022-02-09T23:00:00.000Z
MALARIA_TOTAL_CASES,Total number of  malaria cases (presumed + confirmed cases),numeric,EUR,Europe,Country,TJK,Tajikistan,Year,2020,true,,,,,,,,,,,,,0,,,,,,0,,,EN,2022-02-09T23:00:00.000Z
MALARIA_TOTAL_CASES,Total number of  malaria cases (presumed + confirmed cases),numeric,WPR,Western Pacific,Country,CHN,China,Year,2020,true,,,,,,,,,,,,,1051,,,,,,"1,051",,,EN,2022-02-09T23:00:00.000Z
MALARIA_TOTAL_CASES,Total number of  malaria cases (presumed + confirmed cases),numeric,EMR,Eastern Mediterranean,Country,IRN,Iran (Islamic Republic of),Year,2020,true,,,,,,,,,,,,,1051,,,,,,"1,051",,,EN,2022-02-09T23:00:00.000Z
MALARIA_TOTAL_CASES,Total number of  malaria cases (presumed + confirmed cases),numeric,AMR,Americas,Country,GTM,Guatemala,Year,2020,true,,,,,,,,,,,,,1058,,,,,,"1,058",,,EN,2022-02-09T23:00:00.000Z
MALARIA_TOTAL_CASES,Total number of  malaria cases (presumed + confirmed cases),numeric,AFR,Africa,Country,SLE,Sierra Leone,Year,2020,true,,,,,,,,,,,,,1223397,,,,,,"1,223,397",,,EN,2022-02-09T23:00:00.000Z
MALARIA_TOTAL_CASES,Total number of  malaria cases (presumed + confirmed cases),numeric,WPR,Western Pacific,Country,VNM,Viet Nam,Year,2020,true,,,,,,,,,,,,,1733,,,,,,"1,733",,,EN,2022-02-09T23:00:00.000Z
MALARIA_TOTAL_CASES,Total number of  malaria cases (presumed + confirmed cases),numeric,AFR,Africa,Country,SSD,South Sudan,Year,2020,true,,,,,,,,,,,,,1805371,,,,,,"1,805,371",,,EN,2022-02-09T23:00:00.000Z
MALARIA_TOTAL_CASES,Total number of  malaria cases (presumed + confirmed cases),numeric,SEAR,South-East Asia,Country,PRK,Democratic People's Republic of Korea,Year,2020,true,,,,,,,,,,,,,1819,,,,,,"1,819",,,EN,2022-02-09T23:00:00.000Z
MALARIA_TOTAL_CASES,Total number of  malaria cases (presumed + confirmed cases),numeric,AFR,Africa,Country,ETH,Ethiopia,Year,2020,true,,,,,,,,,,,,,1848231,,,,,,"1,848,231",,,EN,2022-02-09T23:00:00.000Z
MALARIA_TOTAL_CASES,Total number of  malaria cases (presumed + confirmed cases),numeric,AFR,Africa,Country,TCD,Chad,Year,2020,true,,,,,,,,,,,,,1890264,,,,,,"1,890,264",,,EN,2022-02-09T23:00:00.000Z
MALARIA_TOTAL_CASES,Total number of  malaria cases (presumed + confirmed cases),numeric,AFR,Africa,Country,STP,Sao Tome and Principe,Year,2020,true,,,,,,,,,,,,,1944,,,,,,"1,944",,,EN,2022-02-09T23:00:00.000Z
MALARIA_TOTAL_CASES,Total number of  malaria cases (presumed + confirmed cases),numeric,AFR,Africa,Country,MDG,Madagascar,Year,2020,true,,,,,,,,,,,,,1950471,,,,,,"1,950,471",,,EN,2022-02-09T23:00:00.000Z
MALARIA_TOTAL_CASES,Total number of  malaria cases (presumed + confirmed cases),numeric,AFR,Africa,Country,CAF,Central African Republic,Year,2020,true,,,,,,,,,,,,,1980804,,,,,,"1,980,804",,,EN,2022-02-09T23:00:00.000Z
MALARIA_TOTAL_CASES,Total number of  malaria cases (presumed + confirmed cases),numeric,AFR,Africa,Country,CPV,Cabo Verde,Year,2020,true,,,,,,,,,,,,,10,,,,,,10,,,EN,2022-02-09T23:00:00.000Z
MALARIA_TOTAL_CASES,Total number of  malaria cases (presumed + confirmed cases),numeric,AFR,Africa,Country,COG,Congo,Year,2020,true,,,,,,,,,,,,,103692,,,,,,"103,692",,,EN,2022-02-09T23:00:00.000Z
MALARIA_TOTAL_CASES,Total number of  malaria cases (presumed + confirmed cases),numeric,EMR,Eastern Mediterranean,Country,AFG,Afghanistan,Year,2020,true,,,,,,,,,,,,,105445,,,,,,"105,445",,,EN,2022-02-09T23:00:00.000Z
MALARIA_TOTAL_CASES,Total number of  malaria cases (presumed + confirmed cases),numeric,AFR,Africa,Country,MOZ,Mozambique,Year,2020,true,,,,,,,,,,,,,11331009,,,,,,"11,331,009",,,EN,2022-02-09T23:00:00.000Z
MALARIA_TOTAL_CASES,Total number of  malaria cases (presumed + confirmed cases),numeric,AFR,Africa,Country,BFA,Burkina Faso,Year,2020,true,,,,,,,,,,,,,11567698,,,,,,"11,567,698",,,EN,2022-02-09T23:00:00.000Z
MALARIA_TOTAL_CASES,Total number of  malaria cases (presumed + confirmed cases),numeric,AMR,Americas,Country,BOL,Bolivia (Plurinational State of),Year,2020,true,,,,,,,,,,,,,12187,,,,,,"12,187",,,EN,2022-02-09T23:00:00.000Z
MALARIA_TOTAL_CASES,Total number of  malaria cases (presumed + confirmed cases),numeric,AFR,Africa,Country,GAB,Gabon,Year,2020,true,,,,,,,,,,,,,127500,,,,,,"127,500",,,EN,2022-02-09T23:00:00.000Z
MALARIA_TOTAL_CASES,Total number of  malaria cases (presumed + confirmed cases),numeric,AFR,Africa,Country,NAM,Namibia,Year,2020,true,,,,,,,,,,,,,13636,,,,,,"13,636",,,EN,2022-02-09T23:00:00.000Z
MALARIA_TOTAL_CASES,Total number of  malaria cases (presumed + confirmed cases),numeric,SEAR,South-East Asia,Country,TLS,Timor-Leste,Year,2020,true,,,,,,,,,,,,,14,,,,,,14,,,EN,2022-02-09T23:00:00.000Z
MALARIA_TOTAL_CASES,Total number of  malaria cases (presumed + confirmed cases),numeric,AMR,Americas,Country,CRI,Costa Rica,Year,2020,true,,,,,,,,,,,,,141,,,,,,141,,,EN,2022-02-09T23:00:00.000Z
MALARIA_TOTAL_CASES,Total number of  malaria cases (presumed + confirmed cases),numeric,AFR,Africa,Country,MRT,Mauritania,Year,2020,true,,,,,,,,,,,,,144709,,,,,,"144,709",,,EN,2022-02-09T23:00:00.000Z
MALARIA_TOTAL_CASES,Total number of  malaria cases (presumed + confirmed cases),numeric,AMR,Americas,Country,BRA,Brazil,Year,2020,true,,,,,,,,,,,,,145188,,,,,,"145,188",,,EN,2022-02-09T23:00:00.000Z
MALARIA_TOTAL_CASES,Total number of  malaria cases (presumed + confirmed cases),numeric,AFR,Africa,Country,UGA,Uganda,Year,2020,true,,,,,,,,,,,,,15342561,,,,,,"15,342,561",,,EN,2022-02-09T23:00:00.000Z
MALARIA_TOTAL_CASES,Total number of  malaria cases (presumed + confirmed cases),numeric,AMR,Americas,Country,PER,Peru,Year,2020,true,,,,,,,,,,,,,15847,,,,,,"15,847",,,EN,2022-02-09T23:00:00.000Z
MALARIA_TOTAL_CASES,Total number of  malaria cases (presumed + confirmed cases),numeric,WPR,Western Pacific,Country,KHM,Cambodia,Year,2020,true,,,,,,,,,,,,,15891,,,,,,"15,891",,,EN,2022-02-09T23:00:00.000Z
MALARIA_TOTAL_CASES,Total number of  malaria cases (presumed + confirmed cases),numeric,EMR,Eastern Mediterranean,Country,YEM,Yemen,Year,2020,true,,,,,,,,,,,,,164066,,,,,,"164,066",,,EN,2022-02-09T23:00:00.000Z
MALARIA_TOTAL_CASES,Total number of  malaria cases (presumed + confirmed cases),numeric,AMR,Americas,Country,GUY,Guyana,Year,2020,true,,,,,,,,,,,,,17230,,,,,,"17,230",,,EN,2022-02-09T23:00:00.000Z
MALARIA_TOTAL_CASES,Total number of  malaria cases (presumed + confirmed cases),numeric,SEAR,South-East Asia,Country,IND,India,Year,2020,true,,,,,,,,,,,,,186532,,,,,,"186,532",,,EN,2022-02-09T23:00:00.000Z
MALARIA_TOTAL_CASES,Total number of  malaria cases (presumed + confirmed cases),numeric,EUR,Europe,Country,UZB,Uzbekistan,Year,2020,true,,,,,,,,,,,,,2,,,,,,2,,,EN,2022-02-09T23:00:00.000Z
MALARIA_TOTAL_CASES,Total number of  malaria cases (presumed + confirmed cases),numeric,AMR,Americas,Country,ECU,Ecuador,Year,2020,true,,,,,,,,,,,,,2001,,,,,,"2,001",,,EN,2022-02-09T23:00:00.000Z
MALARIA_TOTAL_CASES,Total number of  malaria cases (presumed + confirmed cases),numeric,AFR,Africa,Country,GIN,Guinea,Year,2020,true,,,,,,,,,,,,,2008976,,,,,,"2,008,976",,,EN,2022-02-09T23:00:00.000Z
MALARIA_TOTAL_CASES,Total number of  malaria cases (presumed + confirmed cases),numeric,AFR,Africa,Country,RWA,Rwanda,Year,2020,true,,,,,,,,,,,,,2043392,,,,,,"2,043,392",,,EN,2022-02-09T23:00:00.000Z
MALARIA_TOTAL_CASES,Total number of  malaria cases (presumed + confirmed cases),numeric,AMR,Americas,Country,PAN,Panama,Year,2020,true,,,,,,,,,,,,,2203,,,,,,"2,203",,,EN,2022-02-09T23:00:00.000Z
MALARIA_TOTAL_CASES,Total number of  malaria cases (presumed + confirmed cases),numeric,AFR,Africa,Country,BEN,Benin,Year,2020,true,,,,,,,,,,,,,2632324,,,,,,"2,632,324",,,EN,2022-02-09T23:00:00.000Z
MALARIA_TOTAL_CASES,Total number of  malaria cases (presumed + confirmed cases),numeric,AFR,Africa,Country,DZA,Algeria,Year,2020,true,,,,,,,,,,,,,2726,,,,,,"2,726",,,EN,2022-02-09T23:00:00.000Z
MALARIA_TOTAL_CASES,Total number of  malaria cases (presumed + confirmed cases),numeric,WPR,Western Pacific,Country,MYS,Malaysia,Year,2020,true,,,,,,,,,,,,,2839,,,,,,"2,839",,,EN,2022-02-09T23:00:00.000Z
MALARIA_TOTAL_CASES,Total number of  malaria cases (presumed + confirmed cases),numeric,AFR,Africa,Country,CMR,Cameroon,Year,2020,true,,,,,,,,,,,,,2974819,,,,,,"2,974,819",,,EN,2022-02-09T23:00:00.000Z
MALARIA_TOTAL_CASES,Total number of  malaria cases (presumed + confirmed cases),numeric,AFR,Africa,Country,NGA,Nigeria,Year,2020,true,,,,,,,,,,,,,21580055,,,,,,"21,580,055",,,EN,2022-02-09T23:00:00.000Z
MALARIA_TOTAL_CASES,Total number of  malaria cases (presumed + confirmed cases),numeric,AMR,Americas,Country,HTI,Haiti,Year,2020,true,,,,,,,,,,,,,22987,,,,,,"22,987",,,EN,2022-02-09T23:00:00.000Z
MALARIA_TOTAL_CASES,Total number of  malaria cases (presumed + confirmed cases),numeric,AFR,Africa,Country,COD,Democratic Republic of the Congo,Year,2020,true,,,,,,,,,,,,,24959997,,,,,,"24,959,997",,,EN,2022-02-09T23:00:00.000Z
MALARIA_TOTAL_CASES,Total number of  malaria cases (presumed + confirmed cases),numeric,AMR,Americas,Country,SUR,Suriname,Year,2020,true,,,,,,,,,,,,,244,,,,,,244,,,EN,2022-02-09T23:00:00.000Z
MALARIA_TOTAL_CASES,Total number of  malaria cases (presumed + confirmed cases),numeric,SEAR,South-East Asia,Country,IDN,Indonesia,Year,2020,true,,,,,,,,,,,,,254055,,,,,,"254,055",,,EN,2022-02-09T23:00:00.000Z
MALARIA_TOTAL_CASES,Total number of  malaria cases (presumed + confirmed cases),numeric,EMR,Eastern Mediterranean,Country,SOM,Somalia,Year,2020,true,,,,,,,,,,,,,27333,,,,,,"27,333",,,EN,2022-02-09T23:00:00.000Z
MALARIA_TOTAL_CASES,Total number of  malaria cases (presumed + confirmed cases),numeric,AMR,Americas,Country,VEN,Venezuela (Bolivarian Republic of),Year,2020,true,,,,,,,,,,,,,273126,,,,,,"273,126",,,EN,2022-02-09T23:00:00.000Z
MALARIA_TOTAL_CASES,Total number of  malaria cases (presumed + confirmed cases),numeric,EUR,Europe,Country,ARM,Armenia,Year,2020,true,,,,,,,,,,,,,3,,,,,,3,,,EN,2022-02-09T23:00:00.000Z
MALARIA_TOTAL_CASES,Total number of  malaria cases (presumed + confirmed cases),numeric,AFR,Africa,Country,MLI,Mali,Year,2020,true,,,,,,,,,,,,,3379651,,,,,,"3,379,651",,,EN,2022-02-09T23:00:00.000Z
MALARIA_TOTAL_CASES,Total number of  malaria cases (presumed + confirmed cases),numeric,EMR,Eastern Mediterranean,Country,SDN,Sudan,Year,2020,true,,,,,,,,,,,,,3412499,,,,,,"3,412,499",,,EN,2022-02-09T23:00:00.000Z
MALARIA_TOTAL_CASES,Total number of  malaria cases (presumed + confirmed cases),numeric,WPR,Western Pacific,Country,LAO,Lao People's Democratic Republic,Year,2020,true,,,,,,,,,,,,,3498,,,,,,"3,498",,,EN,2022-02-09T23:00:00.000Z
MALARIA_TOTAL_CASES,Total number of  malaria cases (presumed + confirmed cases),numeric,EMR,Eastern Mediterranean,Country,SAU,Saudi Arabia,Year,2020,true,,,,,,,,,,,,,3658,,,,,,"3,658",,,EN,2022-02-09T23:00:00.000Z
MALARIA_TOTAL_CASES,Total number of  malaria cases (presumed + confirmed cases),numeric,SEAR,South-East Asia,Country,THA,Thailand,Year,2020,true,,,,,,,,,,,,,3940,,,,,,"3,940",,,EN,2022-02-09T23:00:00.000Z
MALARIA_TOTAL_CASES,Total number of  malaria cases (presumed + confirmed cases),numeric,SEAR,South-East Asia,Country,LKA,Sri Lanka,Year,2020,true,,,,,,,,,,,,,30,,,,,,30,,,EN,2022-02-09T23:00:00.000Z
MALARIA_TOTAL_CASES,Total number of  malaria cases (presumed + confirmed cases),numeric,AMR,Americas,Country,NIC,Nicaragua,Year,2020,true,,,,,,,,,,,,,31763,,,,,,"31,763",,,EN,2022-02-09T23:00:00.000Z
MALARIA_TOTAL_CASES,Total number of  malaria cases (presumed + confirmed cases),numeric,AFR,Africa,Country,SWZ,Eswatini,Year,2020,true,,,,,,,,,,,,,325,,,,,,325,,,EN,2022-02-09T23:00:00.000Z
MALARIA_TOTAL_CASES,Total number of  malaria cases (presumed + confirmed cases),numeric,AMR,Americas,Country,MEX,Mexico,Year,2020,true,,,,,,,,,,,,,369,,,,,,369,,,EN,2022-02-09T23:00:00.000Z
MALARIA_TOTAL_CASES,Total number of  malaria cases (presumed + confirmed cases),numeric,EMR,Eastern Mediterranean,Country,PAK,Pakistan,Year,2020,true,,,,,,,,,,,,,372416,,,,,,"372,416",,,EN,2022-02-09T23:00:00.000Z
MALARIA_TOTAL_CASES,Total number of  malaria cases (presumed + confirmed cases),numeric,WPR,Western Pacific,Country,KOR,Republic of Korea,Year,2020,true,,,,,,,,,,,,,390,,,,,,390,,,EN,2022-02-09T23:00:00.000Z
MALARIA_TOTAL_CASES,Total number of  malaria cases (presumed + confirmed cases),numeric,EUR,Europe,Country,GEO,Georgia,Year,2020,true,,,,,,,,,,,,,4,,,,,,4,,,EN,2022-02-09T23:00:00.000Z
MALARIA_TOTAL_CASES,Total number of  malaria cases (presumed + confirmed cases),numeric,AFR,Africa,Country,NER,Niger,Year,2020,true,,,,,,,,,,,,,4377938,,,,,,"4,377,938",,,EN,2022-02-09T23:00:00.000Z
MALARIA_TOTAL_CASES,Total number of  malaria cases (presumed + confirmed cases),numeric,AFR,Africa,Country,COM,Comoros,Year,2020,true,,,,,,,,,,,,,4546,,,,,,"4,546",,,EN,2022-02-09T23:00:00.000Z
MALARIA_TOTAL_CASES,Total number of  malaria cases (presumed + confirmed cases),numeric,AFR,Africa,Country,BDI,Burundi,Year,2020,true,,,,,,,,,,,,,4732339,,,,,,"4,732,339",,,EN,2022-02-09T23:00:00.000Z
MALARIA_TOTAL_CASES,Total number of  malaria cases (presumed + confirmed cases),numeric,AFR,Africa,Country,CIV,Côte d’Ivoire,Year,2020,true,,,,,,,,,,,,,4980640,,,,,,"4,980,640",,,EN,2022-02-09T23:00:00.000Z
MALARIA_TOTAL_CASES,Total number of  malaria cases (presumed + confirmed cases),numeric,AFR,Africa,Country,ZWE,Zimbabwe,Year,2020,true,,,,,,,,,,,,,447381,,,,,,"447,381",,,EN,2022-02-09T23:00:00.000Z
MALARIA_TOTAL_CASES,Total number of  malaria cases (presumed + confirmed cases),numeric,AFR,Africa,Country,SEN,Senegal,Year,2020,true,,,,,,,,,,,,,452984,,,,,,"452,984",,,EN,2022-02-09T23:00:00.000Z
MALARIA_TOTAL_CASES,Total number of  malaria cases (presumed + confirmed cases),numeric,AFR,Africa,Country,GHA,Ghana,Year,2020,true,,,,,,,,,,,,,5879506,,,,,,"5,879,506",,,EN,2022-02-09T23:00:00.000Z
MALARIA_TOTAL_CASES,Total number of  malaria cases (presumed + confirmed cases),numeric,WPR,Western Pacific,Country,VUT,Vanuatu,Year,2020,true,,,,,,,,,,,,,507,,,,,,507,,,EN,2022-02-09T23:00:00.000Z
MALARIA_TOTAL_CASES,Total number of  malaria cases (presumed + confirmed cases),numeric,SEAR,South-East Asia,Country,BTN,Bhutan,Year,2020,true,,,,,,,,,,,,,54,,,,,,54,,,EN,2022-02-09T23:00:00.000Z
MALARIA_TOTAL_CASES,Total number of  malaria cases (presumed + confirmed cases),numeric,SEAR,South-East Asia,Country,MMR,Myanmar,Year,2020,true,,,,,,,,,,,,,58836,,,,,,"58,836",,,EN,2022-02-09T23:00:00.000Z
MALARIA_TOTAL_CASES,Total number of  malaria cases (presumed + confirmed cases),numeric,AFR,Africa,Country,TZA,United Republic of Tanzania,Year,2020,true,,,,,,,,,,,,,6015706,,,,,,"6,015,706",,,EN,2022-02-09T23:00:00.000Z
MALARIA_TOTAL_CASES,Total number of  malaria cases (presumed + confirmed cases),numeric,WPR,Western Pacific,Country,PHL,Philippines,Year,2020,true,,,,,,,,,,,,,6120,,,,,,"6,120",,,EN,2022-02-09T23:00:00.000Z
MALARIA_TOTAL_CASES,Total number of  malaria cases (presumed + confirmed cases),numeric,SEAR,South-East Asia,Country,BGD,Bangladesh,Year,2020,true,,,,,,,,,,,,,6130,,,,,,"6,130",,,EN,2022-02-09T23:00:00.000Z
MALARIA_TOTAL_CASES,Total number of  malaria cases (presumed + confirmed cases),numeric,AFR,Africa,Country,KEN,Kenya,Year,2020,true,,,,,,,,,,,,,6875369,,,,,,"6,875,369",,,EN,2022-02-09T23:00:00.000Z
MALARIA_TOTAL_CASES,Total number of  malaria cases (presumed + confirmed cases),numeric,SEAR,South-East Asia,Country,NPL,Nepal,Year,2020,true,,,,,,,,,,,,,674,,,,,,674,,,EN,2022-02-09T23:00:00.000Z
MALARIA_TOTAL_CASES,Total number of  malaria cases (presumed + confirmed cases),numeric,AFR,Africa,Country,AGO,Angola,Year,2020,true,,,,,,,,,,,,,7156110,,,,,,"7,156,110",,,EN,2022-02-09T23:00:00.000Z
MALARIA_TOTAL_CASES,Total number of  malaria cases (presumed + confirmed cases),numeric,AFR,Africa,Country,MWI,Malawi,Year,2020,true,,,,,,,,,,,,,7169642,,,,,,"7,169,642",,,EN,2022-02-09T23:00:00.000Z
MALARIA_TOTAL_CASES,Total number of  malaria cases (presumed + confirmed cases),numeric,EMR,Eastern Mediterranean,Country,DJI,Djibouti,Year,2020,true,,,,,,,,,,,,,73535,,,,,,"73,535",,,EN,2022-02-09T23:00:00.000Z
MALARIA_TOTAL_CASES,Total number of  malaria cases (presumed + confirmed cases),numeric,AFR,Africa,Country,ERI,Eritrea,Year,2020,true,,,,,,,,,,,,,75756,,,,,,"75,756",,,EN,2022-02-09T23:00:00.000Z
MALARIA_TOTAL_CASES,Total number of  malaria cases (presumed + confirmed cases),numeric,AFR,Africa,Country,GMB,Gambia,Year,2020,true,,,,,,,,,,,,,75801,,,,,,"75,801",,,EN,2022-02-09T23:00:00.000Z
MALARIA_TOTAL_CASES,Total number of  malaria cases (presumed + confirmed cases),numeric,AMR,Americas,Country,COL,Colombia,Year,2020,true,,,,,,,,,,,,,76236,,,,,,"76,236",,,EN,2022-02-09T23:00:00.000Z
MALARIA_TOTAL_CASES,Total number of  malaria cases (presumed + confirmed cases),numeric,AFR,Africa,Country,ZAF,South Africa,Year,2020,true,,,,,,,,,,,,,8126,,,,,,"8,126",,,EN,2022-02-09T23:00:00.000Z
MALARIA_TOTAL_CASES,Total number of  malaria cases (presumed + confirmed cases),numeric,AFR,Africa,Country,ZMB,Zambia,Year,2020,true,,,,,,,,,,,,,8698304,,,,,,"8,698,304",,,EN,2022-02-09T23:00:00.000Z
MALARIA_TOTAL_CASES,Total number of  malaria cases (presumed + confirmed cases),numeric,AMR,Americas,Country,DOM,Dominican Republic,Year,2020,true,,,,,,,,,,,,,829,,,,,,829,,,EN,2022-02-09T23:00:00.000Z
MALARIA_TOTAL_CASES,Total number of  malaria cases (presumed + confirmed cases),numeric,WPR,Western Pacific,Country,SLB,Solomon Islands,Year,2020,true,,,,,,,,,,,,,90830,,,,,,"90,830",,,EN,2022-02-09T23:00:00.000Z
MALARIA_TOTAL_CASES,Total number of  malaria cases (presumed + confirmed cases),numeric,AMR,Americas,Country,HND,Honduras,Year,2020,true,,,,,,,,,,,,,913,,,,,,913,,,EN,2022-02-09T23:00:00.000Z
MALARIA_TOTAL_CASES,Total number of  malaria cases (presumed + confirmed cases),numeric,WPR,Western Pacific,Country,PNG,Papua New Guinea,Year,2020,true,,,,,,,,,,,,,932973,,,,,,"932,973",,,EN,2022-02-09T23:00:00.000Z
MALARIA_TOTAL_CASES,Total number of  malaria cases (presumed + confirmed cases),numeric,AFR,Africa,Country,BWA,Botswana,Year,2020,true,,,,,,,,,,,,,953,,,,,,953,,,EN,2022-02-09T23:00:00.000Z
MALARIA_TOTAL_CASES,Total number of  malaria cases (presumed + confirmed cases),numeric,AMR,Americas,Country,ARG,Argentina,Year,2019,false,,,,,,,,,,,,,0,,,,,,0,,,EN,2022-02-09T23:00:00.000Z
MALARIA_TOTAL_CASES,Total number of  malaria cases (presumed + confirmed cases),numeric,EUR,Europe,Country,AZE,Azerbaijan,Year,2019,true,,,,,,,,,,,,,0,,,,,,0,,,EN,2022-02-09T23:00:00.000Z
MALARIA_TOTAL_CASES,Total number of  malaria cases (presumed + confirmed cases),numeric,AMR,Americas,Country,PRY,Paraguay,Year,2019,false,,,,,,,,,,,,,0,,,,,,0,,,EN,2022-02-09T23:00:00.000Z
MALARIA_TOTAL_CASES,Total number of  malaria cases (presumed + confirmed cases),numeric,EUR,Europe,Country,KGZ,Kyrgyzstan,Year,2019,false,,,,,,,,,,,,,1,,,,,,1,,,EN,2022-02-09T23:00:00.000Z
MALARIA_TOTAL_CASES,Total number of  malaria cases (presumed + confirmed cases),numeric,EUR,Europe,Country,UZB,Uzbekistan,Year,2019,false,,,,,,,,,,,,,1,,,,,,1,,,EN,2022-02-09T23:00:00.000Z
MALARIA_TOTAL_CASES,Total number of  malaria cases (presumed + confirmed cases),numeric,AFR,Africa,Country,DZA,Algeria,Year,2019,false,,,,,,,,,,,,,1014,,,,,,"1,014",,,EN,2022-02-09T23:00:00.000Z
MALARIA_TOTAL_CASES,Total number of  malaria cases (presumed + confirmed cases),numeric,AFR,Africa,Country,ETH,Ethiopia,Year,2019,false,,,,,,,,,,,,,1015792,,,,,,"1,015,792",,,EN,2022-02-09T23:00:00.000Z
MALARIA_TOTAL_CASES,Total number of  malaria cases (presumed + confirmed cases),numeric,AFR,Africa,Country,LBR,Liberia,Year,2019,true,,,,,,,,,,,,,1041800,,,,,,"1,041,800",,,EN,2022-02-09T23:00:00.000Z
MALARIA_TOTAL_CASES,Total number of  malaria cases (presumed + confirmed cases),numeric,EMR,Eastern Mediterranean,Country,IRN,Iran (Islamic Republic of),Year,2019,false,,,,,,,,,,,,,1190,,,,,,"1,190",,,EN,2022-02-09T23:00:00.000Z
MALARIA_TOTAL_CASES,Total number of  malaria cases (presumed + confirmed cases),numeric,AMR,Americas,Country,DOM,Dominican Republic,Year,2019,false,,,,,,,,,,,,,1314,,,,,,"1,314",,,EN,2022-02-09T23:00:00.000Z
MALARIA_TOTAL_CASES,Total number of  malaria cases (presumed + confirmed cases),numeric,SEAR,South-East Asia,Country,NPL,Nepal,Year,2019,false,,,,,,,,,,,,,1438,,,,,,"1,438",,,EN,2022-02-09T23:00:00.000Z
MALARIA_TOTAL_CASES,Total number of  malaria cases (presumed + confirmed cases),numeric,AMR,Americas,Country,PAN,Panama,Year,2019,false,,,,,,,,,,,,,1597,,,,,,"1,597",,,EN,2022-02-09T23:00:00.000Z
MALARIA_TOTAL_CASES,Total number of  malaria cases (presumed + confirmed cases),numeric,AFR,Africa,Country,SLE,Sierra Leone,Year,2019,false,,,,,,,,,,,,,1837353,,,,,,"1,837,353",,,EN,2022-02-09T23:00:00.000Z
MALARIA_TOTAL_CASES,Total number of  malaria cases (presumed + confirmed cases),numeric,SEAR,South-East Asia,Country,PRK,Democratic People's Republic of Korea,Year,2019,false,,,,,,,,,,,,,1869,,,,,,"1,869",,,EN,2022-02-09T23:00:00.000Z
MALARIA_TOTAL_CASES,Total number of  malaria cases (presumed + confirmed cases),numeric,AMR,Americas,Country,ECU,Ecuador,Year,2019,false,,,,,,,,,,,,,1909,,,,,,"1,909",,,EN,2022-02-09T23:00:00.000Z
MALARIA_TOTAL_CASES,Total number of  malaria cases (presumed + confirmed cases),numeric,AFR,Africa,Country,TCD,Chad,Year,2019,false,,,,,,,,,,,,,1910518,,,,,,"1,910,518",,,EN,2022-02-09T23:00:00.000Z
MALARIA_TOTAL_CASES,Total number of  malaria cases (presumed + confirmed cases),numeric,AMR,Americas,Country,HTI,Haiti,Year,2019,false,,,,,,,,,,,,,10687,,,,,,"10,687",,,EN,2022-02-09T23:00:00.000Z
MALARIA_TOTAL_CASES,Total number of  malaria cases (presumed + confirmed cases),numeric,AFR,Africa,Country,MOZ,Mozambique,Year,2019,false,,,,,,,,,,,,,11781516,,,,,,"11,781,516",,,EN,2022-02-09T23:00:00.000Z
MALARIA_TOTAL_CASES,Total number of  malaria cases (presumed + confirmed cases),numeric,AMR,Americas,Country,NIC,Nicaragua,Year,2019,false,,,,,,,,,,,,,13226,,,,,,"13,226",,,EN,2022-02-09T23:00:00.000Z
MALARIA_TOTAL_CASES,Total number of  malaria cases (presumed + confirmed cases),numeric,AFR,Africa,Country,ZAF,South Africa,Year,2019,false,,,,,,,,,,,,,13833,,,,,,"13,833",,,EN,2022-02-09T23:00:00.000Z
MALARIA_TOTAL_CASES,Total number of  malaria cases (presumed + confirmed cases),numeric,AFR,Africa,Country,MRT,Mauritania,Year,2019,false,,,,,,,,,,,,,135120,,,,,,"135,120",,,EN,2022-02-09T23:00:00.000Z
MALARIA_TOTAL_CASES,Total number of  malaria cases (presumed + confirmed cases),numeric,AFR,Africa,Country,GAB,Gabon,Year,2019,false,,,,,,,,,,,,,142917,,,,,,"142,917",,,EN,2022-02-09T23:00:00.000Z
MALARIA_TOTAL_CASES,Total number of  malaria cases (presumed + confirmed cases),numeric,AMR,Americas,Country,CRI,Costa Rica,Year,2019,false,,,,,,,,,,,,,145,,,,,,145,,,EN,2022-02-09T23:00:00.000Z
MALARIA_TOTAL_CASES,Total number of  malaria cases (presumed + confirmed cases),numeric,AFR,Africa,Country,UGA,Uganda,Year,2019,false,,,,,,,,,,,,,15592793,,,,,,"15,592,793",,,EN,2022-02-09T23:00:00.000Z
MALARIA_TOTAL_CASES,Total number of  malaria cases (presumed + confirmed cases),numeric,AMR,Americas,Country,BRA,Brazil,Year,2019,false,,,,,,,,,,,,,157454,,,,,,"157,454",,,EN,2022-02-09T23:00:00.000Z
MALARIA_TOTAL_CASES,Total number of  malaria cases (presumed + confirmed cases),numeric,AFR,Africa,Country,GNB,Guinea-Bissau,Year,2019,true,,,,,,,,,,,,,160907,,,,,,"160,907",,,EN,2022-02-09T23:00:00.000Z
MALARIA_TOTAL_CASES,Total number of  malaria cases (presumed + confirmed cases),numeric,SEAR,South-East Asia,Country,BGD,Bangladesh,Year,2019,false,,,,,,,,,,,,,17225,,,,,,"17,225",,,EN,2022-02-09T23:00:00.000Z
MALARIA_TOTAL_CASES,Total number of  malaria cases (presumed + confirmed cases),numeric,AFR,Africa,Country,COM,Comoros,Year,2019,false,,,,,,,,,,,,,17697,,,,,,"17,697",,,EN,2022-02-09T23:00:00.000Z
MALARIA_TOTAL_CASES,Total number of  malaria cases (presumed + confirmed cases),numeric,EMR,Eastern Mediterranean,Country,AFG,Afghanistan,Year,2019,false,,,,,,,,,,,,,174894,,,,,,"174,894",,,EN,2022-02-09T23:00:00.000Z
MALARIA_TOTAL_CASES,Total number of  malaria cases (presumed + confirmed cases),numeric,AMR,Americas,Country,GUY,Guyana,Year,2019,false,,,,,,,,,,,,,18826,,,,,,"18,826",,,EN,2022-02-09T23:00:00.000Z
MALARIA_TOTAL_CASES,Total number of  malaria cases (presumed + confirmed cases),numeric,AMR,Americas,Country,BLZ,Belize,Year,2019,false,,,,,,,,,,,,,2,,,,,,2,,,EN,2022-02-09T23:00:00.000Z
MALARIA_TOTAL_CASES,Total number of  malaria cases (presumed + confirmed cases),numeric,AMR,Americas,Country,GTM,Guatemala,Year,2019,false,,,,,,,,,,,,,2072,,,,,,"2,072",,,EN,2022-02-09T23:00:00.000Z
MALARIA_TOTAL_CASES,Total number of  malaria cases (presumed + confirmed cases),numeric,AFR,Africa,Country,GIN,Guinea,Year,2019,false,,,,,,,,,,,,,2143225,,,,,,"2,143,225",,,EN,2022-02-09T23:00:00.000Z
MALARIA_TOTAL_CASES,Total number of  malaria cases (presumed + confirmed cases),numeric,EMR,Eastern Mediterranean,Country,SAU,Saudi Arabia,Year,2019,false,,,,,,,,,,,,,2152,,,,,,"2,152",,,EN,2022-02-09T23:00:00.000Z
MALARIA_TOTAL_CASES,Total number of  malaria cases (presumed + confirmed cases),numeric,AFR,Africa,Country,TGO,Togo,Year,2019,true,,,,,,,,,,,,,2406091,,,,,,"2,406,091",,,EN,2022-02-09T23:00:00.000Z
MALARIA_TOTAL_CASES,Total number of  malaria cases (presumed + confirmed cases),numeric,WPR,Western Pacific,Country,CHN,China,Year,2019,false,,,,,,,,,,,,,2486,,,,,,"2,486",,,EN,2022-02-09T23:00:00.000Z
MALARIA_TOTAL_CASES,Total number of  malaria cases (presumed + confirmed cases),numeric,AFR,Africa,Country,CAF,Central African Republic,Year,2019,false,,,,,,,,,,,,,2708497,,,,,,"2,708,497",,,EN,2022-02-09T23:00:00.000Z
MALARIA_TOTAL_CASES,Total number of  malaria cases (presumed + confirmed cases),numeric,AFR,Africa,Country,STP,Sao Tome and Principe,Year,2019,false,,,,,,,,,,,,,2742,,,,,,"2,742",,,EN,2022-02-09T23:00:00.000Z
MALARIA_TOTAL_CASES,Total number of  malaria cases (presumed + confirmed cases),numeric,AFR,Africa,Country,COD,Democratic Republic of the Congo,Year,2019,false,,,,,,,,,,,,,20480310,,,,,,"20,480,310",,,EN,2022-02-09T23:00:00.000Z
MALARIA_TOTAL_CASES,Total number of  malaria cases (presumed + confirmed cases),numeric,AMR,Americas,Country,SUR,Suriname,Year,2019,false,,,,,,,,,,,,,215,,,,,,215,,,EN,2022-02-09T23:00:00.000Z
MALARIA_TOTAL_CASES,Total number of  malaria cases (presumed + confirmed cases),numeric,EMR,Eastern Mediterranean,Country,YEM,Yemen,Year,2019,false,,,,,,,,,,,,,216763,,,,,,"216,763",,,EN,2022-02-09T23:00:00.000Z
MALARIA_TOTAL_CASES,Total number of  malaria cases (presumed + confirmed cases),numeric,AFR,Africa,Country,NGA,Nigeria,Year,2019,false,,,,,,,,,,,,,23376793,,,,,,"23,376,793",,,EN,2022-02-09T23:00:00.000Z
MALARIA_TOTAL_CASES,Total number of  malaria cases (presumed + confirmed cases),numeric,AMR,Americas,Country,PER,Peru,Year,2019,false,,,,,,,,,,,,,24324,,,,,,"24,324",,,EN,2022-02-09T23:00:00.000Z
MALARIA_TOTAL_CASES,Total number of  malaria cases (presumed + confirmed cases),numeric,SEAR,South-East Asia,Country,IDN,Indonesia,Year,2019,false,,,,,,,,,,,,,250644,,,,,,"250,644",,,EN,2022-02-09T23:00:00.000Z
MALARIA_TOTAL_CASES,Total number of  malaria cases (presumed + confirmed cases),numeric,AFR,Africa,Country,BWA,Botswana,Year,2019,false,,,,,,,,,,,,,272,,,,,,272,,,EN,2022-02-09T23:00:00.000Z
MALARIA_TOTAL_CASES,Total number of  malaria cases (presumed + confirmed cases),numeric,AMR,Americas,Country,SLV,El Salvador,Year,2019,false,,,,,,,,,,,,,3,,,,,,3,,,EN,2022-02-09T23:00:00.000Z
MALARIA_TOTAL_CASES,Total number of  malaria cases (presumed + confirmed cases),numeric,EUR,Europe,Country,TJK,Tajikistan,Year,2019,false,,,,,,,,,,,,,3,,,,,,3,,,EN,2022-02-09T23:00:00.000Z
MALARIA_TOTAL_CASES,Total number of  malaria cases (presumed + confirmed cases),numeric,AFR,Africa,Country,CMR,Cameroon,Year,2019,false,,,,,,,,,,,,,3011133,,,,,,"3,011,133",,,EN,2022-02-09T23:00:00.000Z
MALARIA_TOTAL_CASES,Total number of  malaria cases (presumed + confirmed cases),numeric,AFR,Africa,Country,BEN,Benin,Year,2019,false,,,,,,,,,,,,,3084525,,,,,,"3,084,525",,,EN,2022-02-09T23:00:00.000Z
MALARIA_TOTAL_CASES,Total number of  malaria cases (presumed + confirmed cases),numeric,AFR,Africa,Country,NAM,Namibia,Year,2019,false,,,,,,,,,,,,,3440,,,,,,"3,440",,,EN,2022-02-09T23:00:00.000Z
MALARIA_TOTAL_CASES,Total number of  malaria cases (presumed + confirmed cases),numeric,EMR,Eastern Mediterranean,Country,SDN,Sudan,Year,2019,false,,,,,,,,,,,,,3568941,,,,,,"3,568,941",,,EN,2022-02-09T23:00:00.000Z
MALARIA_TOTAL_CASES,Total number of  malaria cases (presumed + confirmed cases),numeric,AFR,Africa,Country,MLI,Mali,Year,2019,false,,,,,,,,,,,,,3607237,,,,,,"3,607,237",,,EN,2022-02-09T23:00:00.000Z
MALARIA_TOTAL_CASES,Total number of  malaria cases (presumed + confirmed cases),numeric,AFR,Africa,Country,RWA,Rwanda,Year,2019,false,,,,,,,,,,,,,3612822,,,,,,"3,612,822",,,EN,2022-02-09T23:00:00.000Z
MALARIA_TOTAL_CASES,Total number of  malaria cases (presumed + confirmed cases),numeric,AFR,Africa,Country,NER,Niger,Year,2019,false,,,,,,,,,,,,,3771451,,,,,,"3,771,451",,,EN,2022-02-09T23:00:00.000Z
MALARIA_TOTAL_CASES,Total number of  malaria cases (presumed + confirmed cases),numeric,WPR,Western Pacific,Country,MYS,Malaysia,Year,2019,false,,,,,,,,,,,,,3941,,,,,,"3,941",,,EN,2022-02-09T23:00:00.000Z
MALARIA_TOTAL_CASES,Total number of  malaria cases (presumed + confirmed cases),numeric,AFR,Africa,Country,ZWE,Zimbabwe,Year,2019,false,,,,,,,,,,,,,308173,,,,,,"308,173",,,EN,2022-02-09T23:00:00.000Z
MALARIA_TOTAL_CASES,Total number of  malaria cases (presumed + confirmed cases),numeric,WPR,Western Pacific,Country,KHM,Cambodia,Year,2019,false,,,,,,,,,,,,,32197,,,,,,"32,197",,,EN,2022-02-09T23:00:00.000Z
MALARIA_TOTAL_CASES,Total number of  malaria cases (presumed + confirmed cases),numeric,SEAR,South-East Asia,Country,IND,India,Year,2019,false,,,,,,,,,,,,,338494,,,,,,"338,494",,,EN,2022-02-09T23:00:00.000Z
MALARIA_TOTAL_CASES,Total number of  malaria cases (presumed + confirmed cases),numeric,AFR,Africa,Country,SEN,Senegal,Year,2019,false,,,,,,,,,,,,,359246,,,,,,"359,246",,,EN,2022-02-09T23:00:00.000Z
MALARIA_TOTAL_CASES,Total number of  malaria cases (presumed + confirmed cases),numeric,AMR,Americas,Country,HND,Honduras,Year,2019,false,,,,,,,,,,,,,391,,,,,,391,,,EN,2022-02-09T23:00:00.000Z
MALARIA_TOTAL_CASES,Total number of  malaria cases (presumed + confirmed cases),numeric,AFR,Africa,Country,SSD,South Sudan,Year,2019,false,,,,,,,,,,,,,4064662,,,,,,"4,064,662",,,EN,2022-02-09T23:00:00.000Z
MALARIA_TOTAL_CASES,Total number of  malaria cases (presumed + confirmed cases),numeric,AFR,Africa,Country,CPV,Cabo Verde,Year,2019,false,,,,,,,,,,,,,40,,,,,,40,,,EN,2022-02-09T23:00:00.000Z
MALARIA_TOTAL_CASES,Total number of  malaria cases (presumed + confirmed cases),numeric,EMR,Eastern Mediterranean,Country,PAK,Pakistan,Year,2019,false,,,,,,,,,,,,,413533,,,,,,"413,533",,,EN,2022-02-09T23:00:00.000Z
MALARIA_TOTAL_CASES,Total number of  malaria cases (presumed + confirmed cases),numeric,SEAR,South-East Asia,Country,BTN,Bhutan,Year,2019,false,,,,,,,,,,,,,42,,,,,,42,,,EN,2022-02-09T23:00:00.000Z
MALARIA_TOTAL_CASES,Total number of  malaria cases (presumed + confirmed cases),numeric,AFR,Africa,Country,GNQ,Equatorial Guinea,Year,2019,true,,,,,,,,,,,,,43897,,,,,,"43,897",,,EN,2022-02-09T23:00:00.000Z
MALARIA_TOTAL_CASES,Total number of  malaria cases (presumed + confirmed cases),numeric,EMR,Eastern Mediterranean,Country,DJI,Djibouti,Year,2019,false,,,,,,,,,,,,,49402,,,,,,"49,402",,,EN,2022-02-09T23:00:00.000Z
MALARIA_TOTAL_CASES,Total number of  malaria cases (presumed + confirmed cases),numeric,AMR,Americas,Country,VEN,Venezuela (Bolivarian Republic of),Year,2019,false,,,,,,,,,,,,,492753,,,,,,"492,753",,,EN,2022-02-09T23:00:00.000Z
MALARIA_TOTAL_CASES,Total number of  malaria cases (presumed + confirmed cases),numeric,AFR,Africa,Country,KEN,Kenya,Year,2019,false,,,,,,,,,,,,,5019389,,,,,,"5,019,389",,,EN,2022-02-09T23:00:00.000Z
MALARIA_TOTAL_CASES,Total number of  malaria cases (presumed + confirmed cases),numeric,AFR,Africa,Country,MWI,Malawi,Year,2019,false,,,,,,,,,,,,,5205920,,,,,,"5,205,920",,,EN,2022-02-09T23:00:00.000Z
MALARIA_TOTAL_CASES,Total number of  malaria cases (presumed + confirmed cases),numeric,AFR,Africa,Country,ZMB,Zambia,Year,2019,false,,,,,,,,,,,,,5360020,,,,,,"5,360,020",,,EN,2022-02-09T23:00:00.000Z
MALARIA_TOTAL_CASES,Total number of  malaria cases (presumed + confirmed cases),numeric,SEAR,South-East Asia,Country,THA,Thailand,Year,2019,false,,,,,,,,,,,,,5421,,,,,,"5,421",,,EN,2022-02-09T23:00:00.000Z
MALARIA_TOTAL_CASES,Total number of  malaria cases (presumed + confirmed cases),numeric,WPR,Western Pacific,Country,PHL,Philippines,Year,2019,false,,,,,,,,,,,,,5778,,,,,,"5,778",,,EN,2022-02-09T23:00:00.000Z
MALARIA_TOTAL_CASES,Total number of  malaria cases (presumed + confirmed cases),numeric,AFR,Africa,Country,CIV,Côte d’Ivoire,Year,2019,false,,,,,,,,,,,,,5950336,,,,,,"5,950,336",,,EN,2022-02-09T23:00:00.000Z
MALARIA_TOTAL_CASES,Total number of  malaria cases (presumed + confirmed cases),numeric,WPR,Western Pacific,Country,VNM,Viet Nam,Year,2019,false,,,,,,,,,,,,,5987,,,,,,"5,987",,,EN,2022-02-09T23:00:00.000Z
MALARIA_TOTAL_CASES,Total number of  malaria cases (presumed + confirmed cases),numeric,SEAR,South-East Asia,Country,LKA,Sri Lanka,Year,2019,false,,,,,,,,,,,,,53,,,,,,53,,,EN,2022-02-09T23:00:00.000Z
MALARIA_TOTAL_CASES,Total number of  malaria cases (presumed + confirmed cases),numeric,AFR,Africa,Country,GMB,Gambia,Year,2019,false,,,,,,,,,,,,,53386,,,,,,"53,386",,,EN,2022-02-09T23:00:00.000Z
MALARIA_TOTAL_CASES,Total number of  malaria cases (presumed + confirmed cases),numeric,AFR,Africa,Country,COG,Congo,Year,2019,false,,,,,,,,,,,,,545796,,,,,,"545,796",,,EN,2022-02-09T23:00:00.000Z
MALARIA_TOTAL_CASES,Total number of  malaria cases (presumed + confirmed cases),numeric,WPR,Western Pacific,Country,KOR,Republic of Korea,Year,2019,false,,,,,,,,,,,,,559,,,,,,559,,,EN,2022-02-09T23:00:00.000Z
MALARIA_TOTAL_CASES,Total number of  malaria cases (presumed + confirmed cases),numeric,SEAR,South-East Asia,Country,MMR,Myanmar,Year,2019,false,,,,,,,,,,,,,56640,,,,,,"56,640",,,EN,2022-02-09T23:00:00.000Z
MALARIA_TOTAL_CASES,Total number of  malaria cases (presumed + confirmed cases),numeric,WPR,Western Pacific,Country,VUT,Vanuatu,Year,2019,false,,,,,,,,,,,,,576,,,,,,576,,,EN,2022-02-09T23:00:00.000Z
MALARIA_TOTAL_CASES,Total number of  malaria cases (presumed + confirmed cases),numeric,AFR,Africa,Country,SWZ,Eswatini,Year,2019,false,,,,,,,,,,,,,577,,,,,,577,,,EN,2022-02-09T23:00:00.000Z
MALARIA_TOTAL_CASES,Total number of  malaria cases (presumed + confirmed cases),numeric,AFR,Africa,Country,TZA,United Republic of Tanzania,Year,2019,false,,,,,,,,,,,,,6003332,,,,,,"6,003,332",,,EN,2022-02-09T23:00:00.000Z
MALARIA_TOTAL_CASES,Total number of  malaria cases (presumed + confirmed cases),numeric,AFR,Africa,Country,BFA,Burkina Faso,Year,2019,false,,,,,,,,,,,,,6475027,,,,,,"6,475,027",,,EN,2022-02-09T23:00:00.000Z
MALARIA_TOTAL_CASES,Total number of  malaria cases (presumed + confirmed cases),numeric,WPR,Western Pacific,Country,LAO,Lao People's Democratic Republic,Year,2019,false,,,,,,,,,,,,,6692,,,,,,"6,692",,,EN,2022-02-09T23:00:00.000Z
MALARIA_TOTAL_CASES,Total number of  malaria cases (presumed + confirmed cases),numeric,AFR,Africa,Country,GHA,Ghana,Year,2019,false,,,,,,,,,,,,,6703687,,,,,,"6,703,687",,,EN,2022-02-09T23:00:00.000Z
MALARIA_TOTAL_CASES,Total number of  malaria cases (presumed + confirmed cases),numeric,AMR,Americas,Country,MEX,Mexico,Year,2019,false,,,,,,,,,,,,,641,,,,,,641,,,EN,2022-02-09T23:00:00.000Z
MALARIA_TOTAL_CASES,Total number of  malaria cases (presumed + confirmed cases),numeric,WPR,Western Pacific,Country,PNG,Papua New Guinea,Year,2019,false,,,,,,,,,,,,,646648,,,,,,"646,648",,,EN,2022-02-09T23:00:00.000Z
MALARIA_TOTAL_CASES,Total number of  malaria cases (presumed + confirmed cases),numeric,EMR,Eastern Mediterranean,Country,SOM,Somalia,Year,2019,false,,,,,,,,,,,,,65375,,,,,,"65,375",,,EN,2022-02-09T23:00:00.000Z
MALARIA_TOTAL_CASES,Total number of  malaria cases (presumed + confirmed cases),numeric,AFR,Africa,Country,AGO,Angola,Year,2019,false,,,,,,,,,,,,,7530788,,,,,,"7,530,788",,,EN,2022-02-09T23:00:00.000Z
MALARIA_TOTAL_CASES,Total number of  malaria cases (presumed + confirmed cases),numeric,EUR,Europe,Country,GEO,Georgia,Year,2019,false,,,,,,,,,,,,,8,,,,,,8,,,EN,2022-02-09T23:00:00.000Z
MALARIA_TOTAL_CASES,Total number of  malaria cases (presumed + confirmed cases),numeric,AMR,Americas,Country,COL,Colombia,Year,2019,false,,,,,,,,,,,,,80415,,,,,,"80,415",,,EN,2022-02-09T23:00:00.000Z
MALARIA_TOTAL_CASES,Total number of  malaria cases (presumed + confirmed cases),numeric,WPR,Western Pacific,Country,SLB,Solomon Islands,Year,2019,false,,,,,,,,,,,,,86116,,,,,,"86,116",,,EN,2022-02-09T23:00:00.000Z
MALARIA_TOTAL_CASES,Total number of  malaria cases (presumed + confirmed cases),numeric,SEAR,South-East Asia,Country,TLS,Timor-Leste,Year,2019,false,,,,,,,,,,,,,9,,,,,,9,,,EN,2022-02-09T23:00:00.000Z
MALARIA_TOTAL_CASES,Total number of  malaria cases (presumed + confirmed cases),numeric,AMR,Americas,Country,BOL,Bolivia (Plurinational State of),Year,2019,false,,,,,,,,,,,,,9357,,,,,,"9,357",,,EN,2022-02-09T23:00:00.000Z
MALARIA_TOTAL_CASES,Total number of  malaria cases (presumed + confirmed cases),numeric,AFR,Africa,Country,BDI,Burundi,Year,2019,false,,,,,,,,,,,,,9983843,,,,,,"9,983,843",,,EN,2022-02-09T23:00:00.000Z
MALARIA_TOTAL_CASES,Total number of  malaria cases (presumed + confirmed cases),numeric,AFR,Africa,Country,ERI,Eritrea,Year,2019,false,,,,,,,,,,,,,93878,,,,,,"93,878",,,EN,2022-02-09T23:00:00.000Z
MALARIA_TOTAL_CASES,Total number of  malaria cases (presumed + confirmed cases),numeric,AFR,Africa,Country,MDG,Madagascar,Year,2019,false,,,,,,,,,,,,,984304,,,,,,"984,304",,,EN,2022-02-09T23:00:00.000Z
MALARIA_TOTAL_CASES,Total number of  malaria cases (presumed + confirmed cases),numeric,EUR,Europe,Country,KGZ,Kyrgyzstan,Year,2018,false,,,,,,,,,,,,,0,,,,,,0,,,EN,2022-02-09T23:00:00.000Z
MALARIA_TOTAL_CASES,Total number of  malaria cases (presumed + confirmed cases),numeric,AMR,Americas,Country,PRY,Paraguay,Year,2018,false,,,,,,,,,,,,,0,,,,,,0,,,EN,2022-02-09T23:00:00.000Z
MALARIA_TOTAL_CASES,Total number of  malaria cases (presumed + confirmed cases),numeric,EUR,Europe,Country,TKM,Turkmenistan,Year,2018,true,,,,,,,,,,,,,0,,,,,,0,,,EN,2022-02-09T23:00:00.000Z
MALARIA_TOTAL_CASES,Total number of  malaria cases (presumed + confirmed cases),numeric,EUR,Europe,Country,UZB,Uzbekistan,Year,2018,false,,,,,,,,,,,,,0,,,,,,0,,,EN,2022-02-09T23:00:00.000Z
MALARIA_TOTAL_CASES,Total number of  malaria cases (presumed + confirmed cases),numeric,EUR,Europe,Country,TJK,Tajikistan,Year,2018,false,,,,,,,,,,,,,1,,,,,,1,,,EN,2022-02-09T23:00:00.000Z
MALARIA_TOTAL_CASES,Total number of  malaria cases (presumed + confirmed cases),numeric,EMR,Eastern Mediterranean,Country,PAK,Pakistan,Year,2018,false,,,,,,,,,,,,,1069052,,,,,,"1,069,052",,,EN,2022-02-09T23:00:00.000Z
MALARIA_TOTAL_CASES,Total number of  malaria cases (presumed + confirmed cases),numeric,AFR,Africa,Country,MDG,Madagascar,Year,2018,false,,,,,,,,,,,,,1078140,,,,,,"1,078,140",,,EN,2022-02-09T23:00:00.000Z
MALARIA_TOTAL_CASES,Total number of  malaria cases (presumed + confirmed cases),numeric,AFR,Africa,Country,ETH,Ethiopia,Year,2018,false,,,,,,,,,,,,,1206891,,,,,,"1,206,891",,,EN,2022-02-09T23:00:00.000Z
MALARIA_TOTAL_CASES,Total number of  malaria cases (presumed + confirmed cases),numeric,AFR,Africa,Country,DZA,Algeria,Year,2018,false,,,,,,,,,,,,,1242,,,,,,"1,242",,,EN,2022-02-09T23:00:00.000Z
MALARIA_TOTAL_CASES,Total number of  malaria cases (presumed + confirmed cases),numeric,AFR,Africa,Country,GIN,Guinea,Year,2018,false,,,,,,,,,,,,,1246598,,,,,,"1,246,598",,,EN,2022-02-09T23:00:00.000Z
MALARIA_TOTAL_CASES,Total number of  malaria cases (presumed + confirmed cases),numeric,AFR,Africa,Country,TCD,Chad,Year,2018,false,,,,,,,,,,,,,1364706,,,,,,"1,364,706",,,EN,2022-02-09T23:00:00.000Z
MALARIA_TOTAL_CASES,Total number of  malaria cases (presumed + confirmed cases),numeric,AFR,Africa,Country,SLE,Sierra Leone,Year,2018,false,,,,,,,,,,,,,1781855,,,,,,"1,781,855",,,EN,2022-02-09T23:00:00.000Z
MALARIA_TOTAL_CASES,Total number of  malaria cases (presumed + confirmed cases),numeric,AMR,Americas,Country,ECU,Ecuador,Year,2018,false,,,,,,,,,,,,,1806,,,,,,"1,806",,,EN,2022-02-09T23:00:00.000Z
MALARIA_TOTAL_CASES,Total number of  malaria cases (presumed + confirmed cases),numeric,AFR,Africa,Country,MOZ,Mozambique,Year,2018,false,,,,,,,,,,,,,10339330,,,,,,"10,339,330",,,EN,2022-02-09T23:00:00.000Z
MALARIA_TOTAL_CASES,Total number of  malaria cases (presumed + confirmed cases),numeric,SEAR,South-East Asia,Country,BGD,Bangladesh,Year,2018,false,,,,,,,,,,,,,10523,,,,,,"10,523",,,EN,2022-02-09T23:00:00.000Z
MALARIA_TOTAL_CASES,Total number of  malaria cases (presumed + confirmed cases),numeric,AFR,Africa,Country,ZAF,South Africa,Year,2018,false,,,,,,,,,,,,,10789,,,,,,"10,789",,,EN,2022-02-09T23:00:00.000Z
MALARIA_TOTAL_CASES,Total number of  malaria cases (presumed + confirmed cases),numeric,AFR,Africa,Country,KEN,Kenya,Year,2018,false,,,,,,,,,,,,,10875734,,,,,,"10,875,734",,,EN,2022-02-09T23:00:00.000Z
MALARIA_TOTAL_CASES,Total number of  malaria cases (presumed + confirmed cases),numeric,AFR,Africa,Country,GNQ,Equatorial Guinea,Year,2018,false,,,,,,,,,,,,,10926,,,,,,"10,926",,,EN,2022-02-09T23:00:00.000Z
MALARIA_TOTAL_CASES,Total number of  malaria cases (presumed + confirmed cases),numeric,AMR,Americas,Country,CRI,Costa Rica,Year,2018,false,,,,,,,,,,,,,108,,,,,,108,,,EN,2022-02-09T23:00:00.000Z
MALARIA_TOTAL_CASES,Total number of  malaria cases (presumed + confirmed cases),numeric,AFR,Africa,Country,GHA,Ghana,Year,2018,false,,,,,,,,,,,,,11154400,,,,,,"11,154,400",,,EN,2022-02-09T23:00:00.000Z
MALARIA_TOTAL_CASES,Total number of  malaria cases (presumed + confirmed cases),numeric,AFR,Africa,Country,BFA,Burkina Faso,Year,2018,false,,,,,,,,,,,,,11991146,,,,,,"11,991,146",,,EN,2022-02-09T23:00:00.000Z
MALARIA_TOTAL_CASES,Total number of  malaria cases (presumed + confirmed cases),numeric,AMR,Americas,Country,NIC,Nicaragua,Year,2018,false,,,,,,,,,,,,,15934,,,,,,"15,934",,,EN,2022-02-09T23:00:00.000Z
MALARIA_TOTAL_CASES,Total number of  malaria cases (presumed + confirmed cases),numeric,AMR,Americas,Country,GUY,Guyana,Year,2018,false,,,,,,,,,,,,,17038,,,,,,"17,038",,,EN,2022-02-09T23:00:00.000Z
MALARIA_TOTAL_CASES,Total number of  malaria cases (presumed + confirmed cases),numeric,AFR,Africa,Country,GNB,Guinea-Bissau,Year,2018,false,,,,,,,,,,,,,171075,,,,,,"171,075",,,EN,2022-02-09T23:00:00.000Z
MALARIA_TOTAL_CASES,Total number of  malaria cases (presumed + confirmed cases),numeric,AFR,Africa,Country,MRT,Mauritania,Year,2018,false,,,,,,,,,,,,,175841,,,,,,"175,841",,,EN,2022-02-09T23:00:00.000Z
MALARIA_TOTAL_CASES,Total number of  malaria cases (presumed + confirmed cases),numeric,AFR,Africa,Country,COD,Democratic Republic of the Congo,Year,2018,false,,,,,,,,,,,,,18208440,,,,,,"18,208,440",,,EN,2022-02-09T23:00:00.000Z
MALARIA_TOTAL_CASES,Total number of  malaria cases (presumed + confirmed cases),numeric,AFR,Africa,Country,COM,Comoros,Year,2018,false,,,,,,,,,,,,,19682,,,,,,"19,682",,,EN,2022-02-09T23:00:00.000Z
MALARIA_TOTAL_CASES,Total number of  malaria cases (presumed + confirmed cases),numeric,AMR,Americas,Country,BRA,Brazil,Year,2018,false,,,,,,,,,,,,,194573,,,,,,"194,573",,,EN,2022-02-09T23:00:00.000Z
MALARIA_TOTAL_CASES,Total number of  malaria cases (presumed + confirmed cases),numeric,EUR,Europe,Country,AZE,Azerbaijan,Year,2018,false,,,,,,,,,,,,,2,,,,,,2,,,EN,2022-02-09T23:00:00.000Z
MALARIA_TOTAL_CASES,Total number of  malaria cases (presumed + confirmed cases),numeric,AMR,Americas,Country,SLV,El Salvador,Year,2018,false,,,,,,,,,,,,,2,,,,,,2,,,EN,2022-02-09T23:00:00.000Z
MALARIA_TOTAL_CASES,Total number of  malaria cases (presumed + confirmed cases),numeric,AFR,Africa,Country,TGO,Togo,Year,2018,false,,,,,,,,,,,,,2002877,,,,,,"2,002,877",,,EN,2022-02-09T23:00:00.000Z
MALARIA_TOTAL_CASES,Total number of  malaria cases (presumed + confirmed cases),numeric,AFR,Africa,Country,BEN,Benin,Year,2018,false,,,,,,,,,,,,,2255946,,,,,,"2,255,946",,,EN,2022-02-09T23:00:00.000Z
MALARIA_TOTAL_CASES,Total number of  malaria cases (presumed + confirmed cases),numeric,WPR,Western Pacific,Country,CHN,China,Year,2018,false,,,,,,,,,,,,,2511,,,,,,"2,511",,,EN,2022-02-09T23:00:00.000Z
MALARIA_TOTAL_CASES,Total number of  malaria cases (presumed + confirmed cases),numeric,AFR,Africa,Country,MLI,Mali,Year,2018,false,,,,,,,,,,,,,2614104,,,,,,"2,614,104",,,EN,2022-02-09T23:00:00.000Z
MALARIA_TOTAL_CASES,Total number of  malaria cases (presumed + confirmed cases),numeric,EMR,Eastern Mediterranean,Country,SAU,Saudi Arabia,Year,2018,false,,,,,,,,,,,,,2711,,,,,,"2,711",,,EN,2022-02-09T23:00:00.000Z
MALARIA_TOTAL_CASES,Total number of  malaria cases (presumed + confirmed cases),numeric,SEAR,South-East Asia,Country,NPL,Nepal,Year,2018,false,,,,,,,,,,,,,2930,,,,,,"2,930",,,EN,2022-02-09T23:00:00.000Z
MALARIA_TOTAL_CASES,Total number of  malaria cases (presumed + confirmed cases),numeric,AFR,Africa,Country,STP,Sao Tome and Principe,Year,2018,false,,,,,,,,,,,,,2940,,,,,,"2,940",,,EN,2022-02-09T23:00:00.000Z
MALARIA_TOTAL_CASES,Total number of  malaria cases (presumed + confirmed cases),numeric,AFR,Africa,Country,NGA,Nigeria,Year,2018,false,,,,,,,,,,,,,20482380,,,,,,"20,482,380",,,EN,2022-02-09T23:00:00.000Z
MALARIA_TOTAL_CASES,Total number of  malaria cases (presumed + confirmed cases),numeric,AFR,Africa,Country,CPV,Cabo Verde,Year,2018,false,,,,,,,,,,,,,21,,,,,,21,,,EN,2022-02-09T23:00:00.000Z
MALARIA_TOTAL_CASES,Total number of  malaria cases (presumed + confirmed cases),numeric,SEAR,South-East Asia,Country,IDN,Indonesia,Year,2018,false,,,,,,,,,,,,,222136,,,,,,"222,136",,,EN,2022-02-09T23:00:00.000Z
MALARIA_TOTAL_CASES,Total number of  malaria cases (presumed + confirmed cases),numeric,AMR,Americas,Country,ARG,Argentina,Year,2018,false,,,,,,,,,,,,,23,,,,,,23,,,EN,2022-02-09T23:00:00.000Z
MALARIA_TOTAL_CASES,Total number of  malaria cases (presumed + confirmed cases),numeric,EMR,Eastern Mediterranean,Country,YEM,Yemen,Year,2018,false,,,,,,,,,,,,,233143,,,,,,"233,143",,,EN,2022-02-09T23:00:00.000Z
MALARIA_TOTAL_CASES,Total number of  malaria cases (presumed + confirmed cases),numeric,AMR,Americas,Country,SUR,Suriname,Year,2018,false,,,,,,,,,,,,,235,,,,,,235,,,EN,2022-02-09T23:00:00.000Z
MALARIA_TOTAL_CASES,Total number of  malaria cases (presumed + confirmed cases),numeric,EMR,Eastern Mediterranean,Country,DJI,Djibouti,Year,2018,false,,,,,,,,,,,,,25319,,,,,,"25,319",,,EN,2022-02-09T23:00:00.000Z
MALARIA_TOTAL_CASES,Total number of  malaria cases (presumed + confirmed cases),numeric,AFR,Africa,Country,ZWE,Zimbabwe,Year,2018,false,,,,,,,,,,,,,264018,,,,,,"264,018",,,EN,2022-02-09T23:00:00.000Z
MALARIA_TOTAL_CASES,Total number of  malaria cases (presumed + confirmed cases),numeric,EMR,Eastern Mediterranean,Country,AFG,Afghanistan,Year,2018,false,,,,,,,,,,,,,299863,,,,,,"299,863",,,EN,2022-02-09T23:00:00.000Z
MALARIA_TOTAL_CASES,Total number of  malaria cases (presumed + confirmed cases),numeric,AMR,Americas,Country,GTM,Guatemala,Year,2018,false,,,,,,,,,,,,,3021,,,,,,"3,021",,,EN,2022-02-09T23:00:00.000Z
MALARIA_TOTAL_CASES,Total number of  malaria cases (presumed + confirmed cases),numeric,AFR,Africa,Country,NER,Niger,Year,2018,false,,,,,,,,,,,,,3358058,,,,,,"3,358,058",,,EN,2022-02-09T23:00:00.000Z
MALARIA_TOTAL_CASES,Total number of  malaria cases (presumed + confirmed cases),numeric,AFR,Africa,Country,CMR,Cameroon,Year,2018,false,,,,,,,,,,,,,3550183,,,,,,"3,550,183",,,EN,2022-02-09T23:00:00.000Z
MALARIA_TOTAL_CASES,Total number of  malaria cases (presumed + confirmed cases),numeric,EMR,Eastern Mediterranean,Country,SDN,Sudan,Year,2018,false,,,,,,,,,,,,,3616920,,,,,,"3,616,920",,,EN,2022-02-09T23:00:00.000Z
MALARIA_TOTAL_CASES,Total number of  malaria cases (presumed + confirmed cases),numeric,SEAR,South-East Asia,Country,PRK,Democratic People's Republic of Korea,Year,2018,false,,,,,,,,,,,,,3698,,,,,,"3,698",,,EN,2022-02-09T23:00:00.000Z
MALARIA_TOTAL_CASES,Total number of  malaria cases (presumed + confirmed cases),numeric,EMR,Eastern Mediterranean,Country,SOM,Somalia,Year,2018,false,,,,,,,,,,,,,31030,,,,,,"31,030",,,EN,2022-02-09T23:00:00.000Z
MALARIA_TOTAL_CASES,Total number of  malaria cases (presumed + confirmed cases),numeric,AFR,Africa,Country,COG,Congo,Year,2018,false,,,,,,,,,,,,,324615,,,,,,"324,615",,,EN,2022-02-09T23:00:00.000Z
MALARIA_TOTAL_CASES,Total number of  malaria cases (presumed + confirmed cases),numeric,AFR,Africa,Country,NAM,Namibia,Year,2018,false,,,,,,,,,,,,,36451,,,,,,"36,451",,,EN,2022-02-09T23:00:00.000Z
MALARIA_TOTAL_CASES,Total number of  malaria cases (presumed + confirmed cases),numeric,AFR,Africa,Country,RWA,Rwanda,Year,2018,false,,,,,,,,,,,,,4231883,,,,,,"4,231,883",,,EN,2022-02-09T23:00:00.000Z
MALARIA_TOTAL_CASES,Total number of  malaria cases (presumed + confirmed cases),numeric,WPR,Western Pacific,Country,MYS,Malaysia,Year,2018,false,,,,,,,,,,,,,4630,,,,,,"4,630",,,EN,2022-02-09T23:00:00.000Z
MALARIA_TOTAL_CASES,Total number of  malaria cases (presumed + confirmed cases),numeric,WPR,Western Pacific,Country,PHL,Philippines,Year,2018,false,,,,,,,,,,,,,4641,,,,,,"4,641",,,EN,2022-02-09T23:00:00.000Z
MALARIA_TOTAL_CASES,Total number of  malaria cases (presumed + confirmed cases),numeric,AFR,Africa,Country,SSD,South Sudan,Year,2018,false,,,,,,,,,,,,,4697506,,,,,,"4,697,506",,,EN,2022-02-09T23:00:00.000Z
MALARIA_TOTAL_CASES,Total number of  malaria cases (presumed + confirmed cases),numeric,SEAR,South-East Asia,Country,IND,India,Year,2018,false,,,,,,,,,,,,,429928,,,,,,"429,928",,,EN,2022-02-09T23:00:00.000Z
MALARIA_TOTAL_CASES,Total number of  malaria cases (presumed + confirmed cases),numeric,AMR,Americas,Country,PER,Peru,Year,2018,false,,,,,,,,,,,,,45619,,,,,,"45,619",,,EN,2022-02-09T23:00:00.000Z
MALARIA_TOTAL_CASES,Total number of  malaria cases (presumed + confirmed cases),numeric,SEAR,South-East Asia,Country,LKA,Sri Lanka,Year,2018,false,,,,,,,,,,,,,48,,,,,,48,,,EN,2022-02-09T23:00:00.000Z
MALARIA_TOTAL_CASES,Total number of  malaria cases (presumed + confirmed cases),numeric,AFR,Africa,Country,ERI,Eritrea,Year,2018,false,,,,,,,,,,,,,48326,,,,,,"48,326",,,EN,2022-02-09T23:00:00.000Z
MALARIA_TOTAL_CASES,Total number of  malaria cases (presumed + confirmed cases),numeric,AMR,Americas,Country,DOM,Dominican Republic,Year,2018,false,,,,,,,,,,,,,484,,,,,,484,,,EN,2022-02-09T23:00:00.000Z
MALARIA_TOTAL_CASES,Total number of  malaria cases (presumed + confirmed cases),numeric,AFR,Africa,Country,BDI,Burundi,Year,2018,false,,,,,,,,,,,,,5149436,,,,,,"5,149,436",,,EN,2022-02-09T23:00:00.000Z
MALARIA_TOTAL_CASES,Total number of  malaria cases (presumed + confirmed cases),numeric,AFR,Africa,Country,CIV,Côte d’Ivoire,Year,2018,false,,,,,,,,,,,,,5189974,,,,,,"5,189,974",,,EN,2022-02-09T23:00:00.000Z
MALARIA_TOTAL_CASES,Total number of  malaria cases (presumed + confirmed cases),numeric,AFR,Africa,Country,ZMB,Zambia,Year,2018,false,,,,,,,,,,,,,5195723,,,,,,"5,195,723",,,EN,2022-02-09T23:00:00.000Z
MALARIA_TOTAL_CASES,Total number of  malaria cases (presumed + confirmed cases),numeric,AMR,Americas,Country,BOL,Bolivia (Plurinational State of),Year,2018,false,,,,,,,,,,,,,5354,,,,,,"5,354",,,EN,2022-02-09T23:00:00.000Z
MALARIA_TOTAL_CASES,Total number of  malaria cases (presumed + confirmed cases),numeric,AFR,Africa,Country,MWI,Malawi,Year,2018,false,,,,,,,,,,,,,5865476,,,,,,"5,865,476",,,EN,2022-02-09T23:00:00.000Z
MALARIA_TOTAL_CASES,Total number of  malaria cases (presumed + confirmed cases),numeric,AFR,Africa,Country,AGO,Angola,Year,2018,false,,,,,,,,,,,,,5928260,,,,,,"5,928,260",,,EN,2022-02-09T23:00:00.000Z
MALARIA_TOTAL_CASES,Total number of  malaria cases (presumed + confirmed cases),numeric,AMR,Americas,Country,VEN,Venezuela (Bolivarian Republic of),Year,2018,false,,,,,,,,,,,,,522059,,,,,,"522,059",,,EN,2022-02-09T23:00:00.000Z
MALARIA_TOTAL_CASES,Total number of  malaria cases (presumed + confirmed cases),numeric,AFR,Africa,Country,SEN,Senegal,Year,2018,false,,,,,,,,,,,,,536745,,,,,,"536,745",,,EN,2022-02-09T23:00:00.000Z
MALARIA_TOTAL_CASES,Total number of  malaria cases (presumed + confirmed cases),numeric,SEAR,South-East Asia,Country,BTN,Bhutan,Year,2018,false,,,,,,,,,,,,,54,,,,,,54,,,EN,2022-02-09T23:00:00.000Z
MALARIA_TOTAL_CASES,Total number of  malaria cases (presumed + confirmed cases),numeric,WPR,Western Pacific,Country,KOR,Republic of Korea,Year,2018,false,,,,,,,,,,,,,576,,,,,,576,,,EN,2022-02-09T23:00:00.000Z
MALARIA_TOTAL_CASES,Total number of  malaria cases (presumed + confirmed cases),numeric,AFR,Africa,Country,BWA,Botswana,Year,2018,false,,,,,,,,,,,,,585,,,,,,585,,,EN,2022-02-09T23:00:00.000Z
MALARIA_TOTAL_CASES,Total number of  malaria cases (presumed + confirmed cases),numeric,EUR,Europe,Country,ARM,Armenia,Year,2018,false,,,,,,,,,,,,,6,,,,,,6,,,EN,2022-02-09T23:00:00.000Z
MALARIA_TOTAL_CASES,Total number of  malaria cases (presumed + confirmed cases),numeric,AFR,Africa,Country,TZA,United Republic of Tanzania,Year,2018,false,,,,,,,,,,,,,6219125,,,,,,"6,219,125",,,EN,2022-02-09T23:00:00.000Z
MALARIA_TOTAL_CASES,Total number of  malaria cases (presumed + confirmed cases),numeric,SEAR,South-East Asia,Country,THA,Thailand,Year,2018,false,,,,,,,,,,,,,6750,,,,,,"6,750",,,EN,2022-02-09T23:00:00.000Z
MALARIA_TOTAL_CASES,Total number of  malaria cases (presumed + confirmed cases),numeric,WPR,Western Pacific,Country,VNM,Viet Nam,Year,2018,false,,,,,,,,,,,,,6870,,,,,,"6,870",,,EN,2022-02-09T23:00:00.000Z
MALARIA_TOTAL_CASES,Total number of  malaria cases (presumed + confirmed cases),numeric,WPR,Western Pacific,Country,KHM,Cambodia,Year,2018,false,,,,,,,,,,,,,62582,,,,,,"62,582",,,EN,2022-02-09T23:00:00.000Z
MALARIA_TOTAL_CASES,Total number of  malaria cases (presumed + confirmed cases),numeric,EMR,Eastern Mediterranean,Country,IRN,Iran (Islamic Republic of),Year,2018,false,,,,,,,,,,,,,625,,,,,,625,,,EN,2022-02-09T23:00:00.000Z
MALARIA_TOTAL_CASES,Total number of  malaria cases (presumed + confirmed cases),numeric,AMR,Americas,Country,COL,Colombia,Year,2018,false,,,,,,,,,,,,,63143,,,,,,"63,143",,,EN,2022-02-09T23:00:00.000Z
MALARIA_TOTAL_CASES,Total number of  malaria cases (presumed + confirmed cases),numeric,WPR,Western Pacific,Country,VUT,Vanuatu,Year,2018,false,,,,,,,,,,,,,644,,,,,,644,,,EN,2022-02-09T23:00:00.000Z
MALARIA_TOTAL_CASES,Total number of  malaria cases (presumed + confirmed cases),numeric,AMR,Americas,Country,HND,Honduras,Year,2018,false,,,,,,,,,,,,,653,,,,,,653,,,EN,2022-02-09T23:00:00.000Z
MALARIA_TOTAL_CASES,Total number of  malaria cases (presumed + confirmed cases),numeric,AMR,Americas,Country,BLZ,Belize,Year,2018,false,,,,,,,,,,,,,7,,,,,,7,,,EN,2022-02-09T23:00:00.000Z
MALARIA_TOTAL_CASES,Total number of  malaria cases (presumed + confirmed cases),numeric,AMR,Americas,Country,PAN,Panama,Year,2018,false,,,,,,,,,,,,,715,,,,,,715,,,EN,2022-02-09T23:00:00.000Z
MALARIA_TOTAL_CASES,Total number of  malaria cases (presumed + confirmed cases),numeric,WPR,Western Pacific,Country,SLB,Solomon Islands,Year,2018,false,,,,,,,,,,,,,72430,,,,,,"72,430",,,EN,2022-02-09T23:00:00.000Z
MALARIA_TOTAL_CASES,Total number of  malaria cases (presumed + confirmed cases),numeric,SEAR,South-East Asia,Country,MMR,Myanmar,Year,2018,false,,,,,,,,,,,,,76518,,,,,,"76,518",,,EN,2022-02-09T23:00:00.000Z
MALARIA_TOTAL_CASES,Total number of  malaria cases (presumed + confirmed cases),numeric,AFR,Africa,Country,GAB,Gabon,Year,2018,false,,,,,,,,,,,,,797278,,,,,,"797,278",,,EN,2022-02-09T23:00:00.000Z
MALARIA_TOTAL_CASES,Total number of  malaria cases (presumed + confirmed cases),numeric,SEAR,South-East Asia,Country,TLS,Timor-Leste,Year,2018,false,,,,,,,,,,,,,8,,,,,,8,,,EN,2022-02-09T23:00:00.000Z
MALARIA_TOTAL_CASES,Total number of  malaria cases (presumed + confirmed cases),numeric,AFR,Africa,Country,UGA,Uganda,Year,2018,false,,,,,,,,,,,,,8522824,,,,,,"8,522,824",,,EN,2022-02-09T23:00:00.000Z
MALARIA_TOTAL_CASES,Total number of  malaria cases (presumed + confirmed cases),numeric,AMR,Americas,Country,HTI,Haiti,Year,2018,false,,,,,,,,,,,,,8828,,,,,,"8,828",,,EN,2022-02-09T23:00:00.000Z
MALARIA_TOTAL_CASES,Total number of  malaria cases (presumed + confirmed cases),numeric,AMR,Americas,Country,MEX,Mexico,Year,2018,false,,,,,,,,,,,,,826,,,,,,826,,,EN,2022-02-09T23:00:00.000Z
MALARIA_TOTAL_CASES,Total number of  malaria cases (presumed + confirmed cases),numeric,AFR,Africa,Country,GMB,Gambia,Year,2018,false,,,,,,,,,,,,,88654,,,,,,"88,654",,,EN,2022-02-09T23:00:00.000Z
MALARIA_TOTAL_CASES,Total number of  malaria cases (presumed + confirmed cases),numeric,EUR,Europe,Country,GEO,Georgia,Year,2018,false,,,,,,,,,,,,,9,,,,,,9,,,EN,2022-02-09T23:00:00.000Z
MALARIA_TOTAL_CASES,Total number of  malaria cases (presumed + confirmed cases),numeric,WPR,Western Pacific,Country,LAO,Lao People's Democratic Republic,Year,2018,false,,,,,,,,,,,,,9038,,,,,,"9,038",,,EN,2022-02-09T23:00:00.000Z
MALARIA_TOTAL_CASES,Total number of  malaria cases (presumed + confirmed cases),numeric,WPR,Western Pacific,Country,PNG,Papua New Guinea,Year,2018,false,,,,,,,,,,,,,940693,,,,,,"940,693",,,EN,2022-02-09T23:00:00.000Z
MALARIA_TOTAL_CASES,Total number of  malaria cases (presumed + confirmed cases),numeric,AFR,Africa,Country,SWZ,Eswatini,Year,2018,false,,,,,,,,,,,,,957,,,,,,957,,,EN,2022-02-09T23:00:00.000Z
MALARIA_TOTAL_CASES,Total number of  malaria cases (presumed + confirmed cases),numeric,AFR,Africa,Country,CAF,Central African Republic,Year,2018,false,,,,,,,,,,,,,995157,,,,,,"995,157",,,EN,2022-02-09T23:00:00.000Z
MALARIA_TOTAL_CASES,Total number of  malaria cases (presumed + confirmed cases),numeric,EUR,Europe,Country,TUR,Turkey,Year,2017,true,,,,,,,,,,,,,214,,,,,,214,,,EN,2022-02-09T23:00:00.000Z
